{
  "name": "your-nextjs-app",
  "version": "1.0.0",
  "description": "Your Next.js Application Description",
  "main": "index.js",
  "scripts": {
    "dev": "next dev",
    "build": "next build",
    "start": "next start"
  },
  "dependencies": {
    "next": "^12.0.7",
    "react": "^17.0.2",
    "react-dom": "^17.0.2"
  },
  "devDependencies": {
    "eslint": "^7.32.0",
    "prettier": "^2.4.1"
  },
  "eslintConfig": {
    "extends": [
      "next",
      "next/core-web-vitals"
    ]
  },
  "browserslist": [
    ">0.2%",
    "not dead",
    "not ie <= 11",
    "not op_mini all"
  ]
}
